INSERT INTO PROD
(PROD_CD, PROD_NM, PROD_DVS_CD, FAS_DVS_CD, BRAND_CD, USE_YN)
VALUES(N'PRO01', N'제품1', N'0101', N'03', N'BRD01', N'Y');
INSERT INTO PROD
(PROD_CD, PROD_NM, PROD_DVS_CD, FAS_DVS_CD, BRAND_CD, USE_YN)
VALUES(N'PRO02', N'제품2', N'0102', N'02', N'BRD01', N'Y');
INSERT INTO PROD
(PROD_CD, PROD_NM, PROD_DVS_CD, FAS_DVS_CD, BRAND_CD, USE_YN)
VALUES(N'PRO03', N'제품3', N'0102', N'01', N'BRD01', N'Y');
INSERT INTO PROD
(PROD_CD, PROD_NM, PROD_DVS_CD, FAS_DVS_CD, BRAND_CD, USE_YN)
VALUES(N'PRO04', N'제품4', N'0103', N'04', N'BRD01', N'Y');
INSERT INTO PROD
(PROD_CD, PROD_NM, PROD_DVS_CD, FAS_DVS_CD, BRAND_CD, USE_YN)
VALUES(N'PRO05', N'제품5', N'0104', NULL, N'BRD01', N'Y');
INSERT INTO BRAND
(BRAND_CD, BRAND_NM, USE_YN)
VALUES(N'BRD01', N'브랜드01', N'Y');
INSERT INTO FAS_DVS
(FAS_DVS_CD, FAS_DVS_NM, USE_YN)
VALUES(N'01', N'남성', N'Y');
INSERT INTO FAS_DVS
(FAS_DVS_CD, FAS_DVS_NM, USE_YN)
VALUES(N'02', N'여성', N'Y');
INSERT INTO FAS_DVS
(FAS_DVS_CD, FAS_DVS_NM, USE_YN)
VALUES(N'03', N'공용', N'Y');
INSERT INTO FAS_DVS
(FAS_DVS_CD, FAS_DVS_NM, USE_YN)
VALUES(N'04', N'키즈', N'Y');
INSERT INTO PROD_DVS
(PROD_DVS_CD, PROD_DVS_NM, PARE_PROD_DVS_CD, USE_YN)
VALUES(N'01', N'패션', N'-1', N'Y');
INSERT INTO PROD_DVS
(PROD_DVS_CD, PROD_DVS_NM, PARE_PROD_DVS_CD, USE_YN)
VALUES(N'0101', N'가방', N'01', N'Y');
INSERT INTO PROD_DVS
(PROD_DVS_CD, PROD_DVS_NM, PARE_PROD_DVS_CD, USE_YN)
VALUES(N'0102', N'신발', N'01', N'Y');
INSERT INTO PROD_DVS
(PROD_DVS_CD, PROD_DVS_NM, PARE_PROD_DVS_CD, USE_YN)
VALUES(N'0103', N'옷', N'01', N'Y');
INSERT INTO PROD_DVS
(PROD_DVS_CD, PROD_DVS_NM, PARE_PROD_DVS_CD, USE_YN)
VALUES(N'0104', N'악세사리', N'01', N'Y');
INSERT INTO PROD_DVS
(PROD_DVS_CD, PROD_DVS_NM, PARE_PROD_DVS_CD, USE_YN)
VALUES(N'02', N'화장품', N'-1', N'Y');
INSERT INTO PROD_DVS
(PROD_DVS_CD, PROD_DVS_NM, PARE_PROD_DVS_CD, USE_YN)
VALUES(N'03', N'폰 케이스', N'-1', N'Y');
INSERT INTO PROD_DVS
(PROD_DVS_CD, PROD_DVS_NM, PARE_PROD_DVS_CD, USE_YN)
VALUES(N'0301', N'아이폰', N'03', N'Y');
INSERT INTO PROD_DVS
(PROD_DVS_CD, PROD_DVS_NM, PARE_PROD_DVS_CD, USE_YN)
VALUES(N'030101', N'아이폰14', N'0301', N'Y');
INSERT INTO PROD_DVS
(PROD_DVS_CD, PROD_DVS_NM, PARE_PROD_DVS_CD, USE_YN)
VALUES(N'030102', N'아이폰14 Plus', N'0301', N'Y');
INSERT INTO PROD_DVS
(PROD_DVS_CD, PROD_DVS_NM, PARE_PROD_DVS_CD, USE_YN)
VALUES(N'030103', N'아이폰14 Pro', N'0301', N'Y');
INSERT INTO PROD_DVS
(PROD_DVS_CD, PROD_DVS_NM, PARE_PROD_DVS_CD, USE_YN)
VALUES(N'030104', N'아이폰14 Pro Max', N'0301', N'Y');
INSERT INTO PROD_DVS
(PROD_DVS_CD, PROD_DVS_NM, PARE_PROD_DVS_CD, USE_YN)
VALUES(N'0302', N'안드로이드', N'03', N'Y');
INSERT INTO PROD_DVS
(PROD_DVS_CD, PROD_DVS_NM, PARE_PROD_DVS_CD, USE_YN)
VALUES(N'030201', N'갤럭시 S23', N'0302', N'Y');
INSERT INTO PROD_DVS
(PROD_DVS_CD, PROD_DVS_NM, PARE_PROD_DVS_CD, USE_YN)
VALUES(N'030202', N'갤럭시 S23+', N'0302', N'Y');
INSERT INTO PROD_DVS
(PROD_DVS_CD, PROD_DVS_NM, PARE_PROD_DVS_CD, USE_YN)
VALUES(N'030203', N'갤럭시 S23 Ultra', N'0302', N'Y');
INSERT INTO PROD_SELL
(PROD_CD, SELL_CNT)
VALUES(N'PRO01', 100);
INSERT INTO PROD_SELL
(PROD_CD, SELL_CNT)
VALUES(N'PRO02', 130);
INSERT INTO PROD_SELL
(PROD_CD, SELL_CNT)
VALUES(N'PRO03', 150);
INSERT INTO PROD_SELL
(PROD_CD, SELL_CNT)
VALUES(N'PRO04', 170);
INSERT INTO PROD_SELL
(PROD_CD, SELL_CNT)
VALUES(N'PRO05', 190);
